disease,days_after_treatment,initial_affected_area_pct,affected_area_pct,lesion_count,lesion_avg_size_mm2,color_deviation,humidity,treatment_effectiveness,recovery_score
grey_blight,2,33.7,35.47,6,3.17,0.603,93.1,0.817,3
red_rust,17,39.34,34.81,6,4.92,0.711,86.2,1.093,8.5
red_rust,16,23.75,22.66,4,4.01,0.839,84.9,1.134,5.6
red_rust,14,52.58,0.1,0,0,0.071,63,0.867,96.3
grey_blight,13,46.61,20.28,5,2.98,0.252,77.6,0.79,60.9
red_rust,24,40.23,34.55,5,4.55,0.739,92.3,0.759,15
red_rust,3,38.98,12.42,2,1.98,0.453,58.4,0.755,59.9
grey_blight,16,64.82,21.02,4,0.87,0.111,76.5,0.894,73.9
helopeltis,22,37.28,9.8,5,1.38,0.055,70.9,0.889,81.8
blister_blight,0,40.09,41.72,9,3.85,0.82,91.7,1.148,0
helopeltis,4,15.46,9.54,4,2.77,0.482,67.4,0.815,39.4
blister_blight,27,76.51,0.1,0,0,0,61.1,1.104,99.9
red_rust,22,52.74,43.66,7,2.7,0.637,86.3,1.2,13.9
helopeltis,1,36.69,33.97,15,4.14,0.638,73.8,1.095,10.3
helopeltis,34,49.76,2.2,1,0.29,0.026,68.1,1.217,96
helopeltis,13,26.39,15.55,5,2.72,0.23,76.3,1.003,48.8
brown_blight,24,66.84,60.98,10,2.52,0.54,84.2,1.097,13.9
helopeltis,2,32.72,29.41,11,4.73,0.723,74.1,1.05,14.7
red_rust,18,30.31,18.1,3,2.55,0.471,78.1,1.192,35.9
brown_blight,16,47.75,41.5,8,2.86,0.732,93.3,0.975,16.2
grey_blight,20,28.9,21.46,4,2.9,0.372,91.9,0.833,30.9
blister_blight,21,69.94,0.1,0,0,0,62.1,1.078,99.9
brown_blight,23,65.17,0.1,0,0,0,64.3,1.029,99.9
grey_blight,12,42.79,12.99,2,1.33,0.103,73,0.764,75.7
brown_blight,8,31.93,27.54,4,5.75,0.77,89.1,1.201,9.8
brown_blight,18,48.67,39.31,7,3.76,0.68,93.8,0.767,21.2
blister_blight,23,75.97,0.1,0,0,0.028,59.4,0.773,98.5
helopeltis,32,32.08,0.48,0,0,0,58.2,1.027,99.1
helopeltis,3,40.35,38.29,15,5.21,0.585,85.6,0.893,8.2
helopeltis,15,54.62,40.09,17,2.74,0.555,84.9,1.151,31.2
brown_blight,8,61.84,57.67,9,4.57,0.747,81.9,0.838,6.7
blister_blight,14,49.78,37.96,9,4.1,0.54,79.4,1.065,20.8
red_rust,5,27.65,11.85,2,3.12,0.5,71.2,1.058,47.4
grey_blight,7,37.18,20.43,4,1.83,0.412,80.7,1.241,46.5
brown_blight,4,60,51.62,9,2.57,0.458,76.5,1.016,18.5
blister_blight,7,57.82,5.32,2,0.69,0.042,56.3,1.049,91.6
red_rust,20,45.04,5.7,2,0.68,0.328,75.2,1.196,78.4
grey_blight,4,44.57,44.59,8,2.54,0.862,83.9,0.893,1.7
helopeltis,2,36.39,33.44,15,3.06,0.586,91.5,1.188,5
blister_blight,13,76.58,77.32,15,2.52,0.792,85.4,0.868,5.1
brown_blight,21,48.77,13.11,3,1.26,0.137,74.8,0.972,77.2
blister_blight,30,49.36,3.56,0,0,0.002,56.5,1.164,95.6
brown_blight,7,30.62,5.2,2,0.92,0.116,63.3,0.89,83.2
helopeltis,12,48.97,9.21,7,0.71,0.109,61.8,1.187,84
brown_blight,10,61.36,25.79,7,2.5,0.193,75,0.96,61
brown_blight,15,58.5,0.1,1,0.1,0.06,62.3,1.158,95.8
helopeltis,1,46.67,46.95,18,4.93,0.914,81.7,0.847,0
red_rust,10,54.06,47.46,8,5.61,0.785,94,0.828,8.8
grey_blight,9,51.87,22.27,5,1.77,0.231,78,1.115,59.6
helopeltis,34,47.24,29.89,12,3.05,0.3,81.6,0.895,47.9
grey_blight,9,49.95,5.03,0,0,0.027,59.6,0.817,92
helopeltis,18,31.07,17.29,6,2.28,0.147,80.5,1.204,57.7
brown_blight,14,36.56,31.93,5,3.95,0.766,87.4,1.071,13.8
grey_blight,6,53.55,11.3,2,0.73,0.055,60.1,1.187,84.3
blister_blight,28,74.76,59.33,13,4.85,0.591,93.1,1.124,18.8
blister_blight,22,38.53,25.78,8,2.11,0.727,93.5,0.763,28.1
red_rust,25,56.62,10.22,0,0,0.156,75.2,1.131,78.6
blister_blight,28,41.27,26.47,5,3.8,0.613,76.6,1.052,33.4
brown_blight,18,51.98,1.13,1,0.49,0.084,71.2,1.2,94.6
helopeltis,6,34.57,27.92,12,3.75,0.62,81.5,1.147,20.7
brown_blight,18,44.89,31.75,7,4.87,0.459,90.4,0.917,29.4
blister_blight,32,52.65,30.82,8,4.01,0.699,91.2,0.969,33.6
grey_blight,8,52.48,38.23,8,4.58,0.473,82.6,1.197,32.7
brown_blight,0,51.63,49.29,7,4.83,0.7,64.7,0.798,2.7
red_rust,15,48.09,0.1,0,0,0,55.7,0.936,99.9
red_rust,8,27.06,10.24,2,2.03,0.677,76.7,1.156,45.2
red_rust,16,20.2,0.19,0,0,0,59.3,1.218,99.4
helopeltis,25,19.58,3.41,0,0,0,72,1.248,89.6
blister_blight,13,74.47,66.89,15,4.54,0.579,87.7,0.946,12.7
grey_blight,1,49.73,51.79,9,5.05,0.606,83.1,1.141,4.1
blister_blight,12,60.71,50.13,12,4.7,0.725,76.8,1.081,14.8
grey_blight,19,31.42,1.48,0,0,0.01,62.7,1.019,96.6
grey_blight,13,48.19,1.28,2,0.1,0.027,57,1.02,97.1
red_rust,12,43.3,10.59,3,1.03,0.342,73.5,0.813,61.3
brown_blight,6,32.02,12.81,1,3.14,0.23,70.4,1.064,61.3
brown_blight,15,40.57,16.43,5,2.1,0.16,74.3,0.853,65.4
red_rust,18,52.27,47.32,6,3.61,0.614,79.1,0.775,13
blister_blight,29,54.3,40.69,10,4.61,0.555,85.2,1.125,23.6
grey_blight,10,43.85,35.33,6,3.54,0.495,84.6,1.241,25.1
brown_blight,28,57.16,44.67,6,4.65,0.558,85.1,0.956,25.3
red_rust,17,32.11,0.12,0,0,0.037,65.9,0.984,97.9
blister_blight,0,54.14,47.54,12,4.81,0.727,64.7,1.004,9.2
brown_blight,4,30,23.19,3,2.86,0.466,75.9,0.958,20
blister_blight,22,37.33,0.1,0,0,0.076,60.4,0.918,96.1
brown_blight,26,38.09,2.64,0,0,0,64.7,0.907,95.8
grey_blight,18,45.59,0.1,0,0,0,59.3,1.007,99.9
helopeltis,24,30.77,6.05,4,1.01,0.044,74,1.089,85.6
red_rust,7,31.95,0.1,0,0,0.194,59.6,0.846,90.2
red_rust,10,43.47,33.43,7,3.99,0.673,81.1,1.062,17
brown_blight,19,47.69,6.66,1,0.62,0,70.6,1.104,91.6
brown_blight,25,42.7,0.1,0,0,0.02,58.5,0.88,98.7
grey_blight,19,40.87,3.18,2,0.28,0,73.1,0.987,95.3
grey_blight,12,55.41,4.05,0,0,0,55.3,1.111,95.6
brown_blight,13,58.09,5.44,0,0,0,60.3,1.246,94.4
red_rust,23,59.3,1.09,0,0,0,60.4,0.849,98.9
grey_blight,4,38.31,33.02,8,4.97,0.834,83.3,1.029,12.1
red_rust,5,50.77,13.93,3,1.51,0.429,68.5,1.048,62.3
blister_blight,11,38.02,27.4,5,3.35,0.504,74.9,0.953,32.1
blister_blight,20,49.87,0.1,0,0,0,55.3,1.217,99.9
helopeltis,33,15.75,0.41,1,0.33,0,60.5,1.152,98.4
red_rust,2,27.74,13.48,2,1.07,0.561,55.9,0.855,44.5
brown_blight,7,58.98,55.92,10,5.02,0.613,79.3,0.806,4.5
helopeltis,30,22.03,17.61,5,2.04,0.431,86.8,0.961,27.9
brown_blight,25,60.96,12.68,4,0.33,0.059,75.9,1.136,83.7
red_rust,13,54.18,1.12,1,0.1,0.154,65.9,1.124,89.3
red_rust,14,22.91,0.1,0,0,0.037,63.7,1.145,97.7
grey_blight,13,64.97,2.76,1,0.43,0.007,65.6,0.856,97.1
helopeltis,7,22.08,19.42,9,4.39,0.644,91.4,0.764,13
blister_blight,30,39.74,18.4,3,2.28,0.402,75.3,0.768,52.5
helopeltis,30,38.47,2.35,0,0,0.001,57.9,1.166,96.3
grey_blight,13,30.33,23.59,6,5.07,0.526,89.7,1.214,18
helopeltis,3,31.22,22.51,9,2.34,0.509,57.7,1.09,34.2
helopeltis,13,26.17,6.73,2,1.48,0.071,58.1,0.934,80
helopeltis,23,30.68,2.99,1,0.61,0,59.4,0.995,94.2
blister_blight,16,56.2,27.19,5,2.37,0.473,74.4,0.841,49.6
grey_blight,12,26.24,3.12,1,0.24,0.04,69.5,1.107,90.7
blister_blight,8,65.87,62.68,13,3.09,0.788,84.9,1.246,2.9
helopeltis,18,49.42,41.66,16,1.82,0.517,87,0.987,19.7
grey_blight,20,25.99,16.54,2,1.54,0.337,84,1.098,38.8
brown_blight,10,47.54,0.1,1,0.64,0.052,64.2,1.248,96.1
helopeltis,15,53.76,31.24,14,3.72,0.278,77.9,0.984,50.3
grey_blight,13,50.9,10.55,1,0.46,0.015,68,1.172,86.6
red_rust,25,58.83,37.8,7,3.86,0.746,78.9,0.838,28.1
brown_blight,11,33.02,2.74,1,0.65,0.068,64,0.933,91
brown_blight,6,47.74,46.02,8,5.47,0.506,78.7,1.051,7
grey_blight,17,28.74,23.81,4,4.18,0.736,89.9,0.758,17.7
grey_blight,8,63.62,5.02,3,1.24,0.041,65.3,0.939,92.7
grey_blight,7,59.34,56.53,10,5.79,0.561,83.2,0.816,6.5
helopeltis,0,38.08,38.96,14,6.24,0.638,80.4,1.101,0.9
helopeltis,4,46.53,43.37,17,3.36,0.649,83.3,0.88,4.6
grey_blight,19,41.61,4.94,0,0,0,62.5,0.835,92.9
helopeltis,24,29.09,12.52,5,2.91,0.19,77.4,0.899,64.2
brown_blight,22,40.38,31.75,5,4.41,0.556,78.7,0.968,21.4
helopeltis,3,37.52,25.03,10,2.99,0.398,57.9,1.225,39.4
grey_blight,14,48.09,8.38,2,0.4,0.001,73.3,1.073,89.5
blister_blight,1,46.62,49.13,11,3.14,0.543,94.2,0.98,2.6
blister_blight,12,77.36,64.37,14,5.52,0.601,76.4,0.786,11.9
brown_blight,2,48.79,42.72,6,3.13,0.414,73.9,0.975,17.5
blister_blight,32,46.44,5.38,0,0,0,67.9,0.898,93.1
blister_blight,32,59.01,47.43,10,2.44,0.557,86.5,1.197,22
blister_blight,19,54.55,1.91,3,0.92,0.15,71.2,0.877,91.5
brown_blight,27,43.61,7.45,0,0,0,58.3,1.22,89.8
red_rust,21,58.31,43.62,8,3.06,0.629,92.3,1.192,21.6
brown_blight,0,59.08,62.3,10,4.13,0.693,92.9,1.031,0.7
helopeltis,31,48.86,35.16,16,4.19,0.38,84.9,1.003,34.8
helopeltis,25,53.64,7.91,3,0.56,0.003,66.4,1.166,91
helopeltis,7,33.09,17.48,7,1.21,0.185,56.9,0.817,56.8
brown_blight,9,37.51,33.03,7,2.82,0.769,89.7,1.11,9.8
helopeltis,22,30.92,23.57,10,5.1,0.475,87.1,1.007,27.7
brown_blight,19,69.33,63.68,10,1.82,0.54,85.9,1.143,11.9
red_rust,21,20.71,7.06,0,0,0.358,76.2,1.009,60.9
blister_blight,32,63.84,0.1,0,0,0,60.3,1.161,99.9
helopeltis,1,50,46.14,20,3.3,0.552,80.2,1.184,10.9
grey_blight,12,48.02,8.88,3,1.58,0.065,73.9,0.831,84.3
helopeltis,1,34.03,33.64,14,3.08,0.924,85.8,1.018,1.7
grey_blight,18,51.53,0.89,0,0,0.015,71.1,0.809,97.9
brown_blight,20,65.83,24.32,6,2.02,0.317,75.3,0.852,63.8
red_rust,10,26.76,5.08,2,1.22,0.381,72.6,0.911,68.8
blister_blight,34,58.03,0.1,0,0,0.008,59.3,1.016,99.5
helopeltis,31,37.19,0.1,0,0,0.027,55.2,1.148,98.4
grey_blight,13,55.69,9.41,2,0.84,0,74.3,1.213,89.9
red_rust,2,29.36,17.69,3,1.99,0.64,65.4,0.792,33.5
red_rust,12,26.2,22.92,3,5.15,0.645,83.4,1.082,12.7
red_rust,22,42.32,0.1,0,0,0.004,58.5,0.902,99.7
helopeltis,18,38.95,29.53,13,2.44,0.502,82.4,0.896,28.6
red_rust,23,20.19,0.1,0,0,0,66.6,0.786,99.7
brown_blight,28,56.66,4.14,1,1.05,0.02,73.2,1.144,94.3
red_rust,13,44.44,0.26,0,0,0.024,60.3,1.062,98.4
brown_blight,10,44.98,0.95,1,0.2,0.05,56.8,0.935,96.2
brown_blight,21,38.88,32.28,7,4.91,0.599,90.3,1.107,18
brown_blight,24,56.28,6.79,1,0.1,0,71,1.199,92.8
grey_blight,20,32.27,1.03,1,0.15,0,61.6,0.965,98.1
blister_blight,9,70.09,76.19,15,3.7,0.603,85.4,0.803,1.2
helopeltis,23,43.19,8.97,7,0.61,0.039,72.4,1.203,85.2
grey_blight,19,44.34,0.1,0,0,0.047,58,0.965,96.9
brown_blight,8,67.53,65.09,10,2.67,0.468,94.3,1.159,8.8
brown_blight,13,50.63,45.5,8,5.24,0.489,88.4,0.884,11.3
brown_blight,27,67.5,8.6,1,0.7,0.078,73.9,1.052,89
helopeltis,23,43.47,34.28,13,3.58,0.524,81.9,0.855,28.4
red_rust,8,46.67,46.7,6,5.66,0.771,78.4,0.892,0.8
grey_blight,2,33.07,30.08,5,5.04,0.752,85.4,1.204,7.7
red_rust,11,40.36,32.27,6,2.64,0.797,93.8,0.91,12.9
brown_blight,12,51.86,0.1,2,0.49,0.052,61.4,0.959,96.9
grey_blight,15,61.6,58.95,11,4.37,0.553,85.1,0.828,6.9
helopeltis,19,29.26,1.3,2,0.39,0.041,55.9,0.912,95.1
blister_blight,24,79.97,58.08,14,3.93,0.696,94.1,0.774,23.5
brown_blight,7,47.71,17.09,3,2.06,0.176,68.7,0.881,67.1
brown_blight,16,62.23,0.1,0,0,0.045,63.4,0.914,97.9
helopeltis,11,44.19,40.57,16,2.68,0.667,89.4,1.156,11.5
red_rust,13,29.19,25.19,4,4.04,0.523,80.2,1.125,11
helopeltis,31,33.94,27.5,11,1.82,0.338,92.2,0.956,29.5
helopeltis,7,39.18,38.72,15,3.16,0.579,89.5,0.889,5.9
red_rust,1,43.9,45.34,6,3.39,0.676,87,1.155,2
blister_blight,15,74.71,36.18,9,1.37,0.579,75.2,1.152,46.5
brown_blight,3,55.58,21.77,4,1.81,0.39,60.3,1.088,59.7
grey_blight,18,41.03,32.58,6,3.92,0.614,90.3,0.808,18.8
brown_blight,10,33.14,3.75,0,0,0.018,58.8,1.12,92.3
brown_blight,8,63.58,61.07,11,3.19,0.809,79.9,1.241,6.4
red_rust,17,42.29,0.1,1,0.1,0.06,66.2,1.121,96.9
blister_blight,33,76.39,0.1,0,0,0.035,68.9,0.923,97.4
blister_blight,15,43.75,37.12,8,3.4,0.76,83,0.956,14.1
grey_blight,0,45.57,46.55,9,2.83,0.711,65.2,1.02,0
red_rust,0,42.78,46.16,6,4.66,0.756,77.5,0.922,0
grey_blight,1,27.53,24.06,4,3.95,0.753,94.3,1.056,8.1
helopeltis,32,37.94,27.61,10,3.95,0.493,88.1,1.214,32.8
grey_blight,6,55.91,6.69,2,1.25,0.101,61.1,1.152,87
blister_blight,28,49.61,7.16,1,0.55,0.242,74,1.119,80.7
helopeltis,0,48.73,48.16,19,3.74,0.815,67.5,0.995,1.8
grey_blight,12,26.61,8.58,1,0.94,0.144,73.7,0.913,74.5
helopeltis,4,34.41,31.32,12,5.83,0.582,91.8,1.021,8.4
blister_blight,1,71.77,66.13,14,2.69,0.566,61.8,0.879,11.4
blister_blight,22,46.07,0.1,1,0.76,0.096,70.8,0.988,93
helopeltis,9,23.02,10.43,5,1.84,0.187,61.5,0.894,64.6
helopeltis,0,36.71,34.97,16,5.35,0.732,68.9,1.015,2.9
red_rust,16,33.35,30.87,5,3.94,0.826,86,0.908,8.7
brown_blight,2,63.53,66.07,11,5.95,0.78,93.4,1.151,0.2
red_rust,2,47.22,48.56,6,5.28,0.915,80.2,1.179,1.1
brown_blight,24,31.69,26.09,4,4.18,0.518,92.2,1.032,19.6
helopeltis,13,16.78,11.31,3,3.57,0.483,83.6,1.235,38
red_rust,7,46.19,4.53,0,0,0.259,62.8,0.945,80.9
brown_blight,9,33.34,6,2,0.25,0.018,61.6,0.76,88
red_rust,2,54.44,28.38,6,1.88,0.381,61.3,1.033,43.7
helopeltis,34,43.7,2.31,0,0,0.042,63.1,1.131,94.5
blister_blight,5,65.81,55.65,15,5.94,0.833,91.4,0.831,11.1
helopeltis,28,36.2,6.8,4,1.19,0.03,69.8,0.819,87.2
blister_blight,15,62.53,2.57,1,0.43,0.085,66.7,0.82,92.9
grey_blight,11,53.49,6.3,1,0.2,0.054,64.4,0.838,90.6
brown_blight,20,54.61,3.42,4,1.12,0.091,75.4,1.205,89.9
helopeltis,1,27.21,26.5,9,4.44,0.76,80.7,1.198,2.8
grey_blight,5,43.37,26.39,5,2.33,0.318,72.1,0.778,46.8
brown_blight,5,52.11,50.41,8,4.44,0.743,81.5,0.936,4.4
helopeltis,33,40.05,25.06,13,3.47,0.334,93.8,0.893,38.9
grey_blight,18,57.87,45.22,9,2.71,0.661,86.7,0.801,21.4
grey_blight,14,55.5,0.37,1,0.22,0.027,65.6,1.042,97.9
blister_blight,32,39.4,11.65,1,0.42,0.179,73.9,0.996,72.9
blister_blight,0,39.22,38.15,10,4.38,0.687,92.4,0.841,1.6
brown_blight,2,36.73,33.27,5,3.19,0.629,88.5,0.873,7.4
helopeltis,7,25.33,20.69,10,3.03,0.694,78.3,0.769,20.5
blister_blight,1,56.81,52.48,13,3.58,0.849,92.8,0.833,5.3
brown_blight,6,65.24,63.46,11,5.2,0.83,81.4,1.191,4.9
blister_blight,17,73.7,13.82,6,0.67,0.252,73,1.09,71.9
brown_blight,19,30.15,1.4,0,0,0.043,61.7,1.091,94.6
grey_blight,16,30.33,24.67,5,4.5,0.518,87.7,1.176,21
red_rust,4,37.48,8.58,2,1.06,0.351,58.7,1.142,70.3
brown_blight,27,39.75,1.24,0,0,0.022,68.4,0.884,96.9
blister_blight,11,35.05,30.97,7,4.56,0.62,85.3,1.028,9.1
grey_blight,7,54.79,14.29,2,1.16,0.114,62.8,0.956,77.4
blister_blight,14,43.38,2.12,1,0.41,0.16,68.3,1.169,89.7
blister_blight,17,77.5,15.36,3,0.61,0.157,71.3,0.821,79.2
brown_blight,0,65.12,62.68,10,5.16,0.695,64.9,1.053,2.5
blister_blight,31,43.19,33.45,7,3.73,0.448,92.8,1.181,26
helopeltis,15,32.92,9.4,4,2.57,0.127,68.5,0.923,76.1
red_rust,26,47.56,38.86,6,2.93,0.544,82.3,1.034,14.8
helopeltis,23,43.51,37.73,13,4.45,0.536,91.2,1.028,21.1
brown_blight,0,59.16,54.39,10,3.13,0.71,59.7,1.14,4.8
brown_blight,7,47.46,6.65,0,0,0.083,58.8,1.083,85.8
grey_blight,9,26.92,17.43,2,2.99,0.571,83.4,1.224,36.9
helopeltis,0,33.04,35.33,14,5.81,0.799,58.9,1.163,1.4
helopeltis,25,53.88,22.55,12,2.52,0.243,83.3,1.175,58.1
blister_blight,35,72.9,5.42,0,0,0,70.8,0.975,95.5
red_rust,4,44.33,44.26,7,3.05,0.57,92.8,0.972,3.4
grey_blight,5,57.81,48.69,9,4.05,0.641,81.9,1.031,20.2
blister_blight,3,54.85,57.67,11,5.08,0.843,77.9,0.952,2.7
brown_blight,10,60.92,5.14,1,0.73,0.062,64.3,0.905,92
brown_blight,9,56.48,45.17,9,2.55,0.833,85.2,1.126,16.1
helopeltis,33,30.89,22.14,9,2.28,0.527,93.1,1.036,33.2
red_rust,15,21.06,19.37,3,5.11,0.68,94,0.918,7.5
brown_blight,3,39.91,27.77,5,2.44,0.507,69.6,1.099,33.9
red_rust,21,50.2,0.1,0,0,0.073,64.6,1.228,96.3
brown_blight,11,44.99,0.21,0,0,0.001,57,1.025,99.7
grey_blight,21,52.41,0.61,0,0,0,63.1,0.895,99.3
blister_blight,12,47.1,2.34,1,0.45,0.161,67.4,1.149,87.9
helopeltis,26,46.12,15.68,9,1.15,0.075,77.6,0.997,75.3
brown_blight,9,34.21,31.26,4,3.71,0.571,80.8,1.141,6.8
grey_blight,7,63.19,8.43,4,0.62,0.073,64.7,1.15,88.6
blister_blight,12,36.82,1.14,0,0,0.089,59.4,1.105,93.3
blister_blight,11,52.12,39.06,10,5.51,0.831,93.6,1.138,16.8
red_rust,7,50.49,2.27,1,0.27,0.265,63.3,1.107,84.4
blister_blight,18,43.58,21.22,2,2.02,0.226,73.9,0.768,56
red_rust,26,39.01,1.2,0,0,0,60.3,1.145,98.2
grey_blight,16,29.55,25.43,5,3.5,0.461,95,0.752,18.1
red_rust,28,22.51,2.43,2,0.1,0.168,74.8,1.158,84
brown_blight,17,51.14,40.04,8,3.26,0.482,94.6,1.147,18.3
brown_blight,19,67.02,18.48,4,1.21,0.133,72.2,0.784,76.8
brown_blight,13,41.41,3.14,1,0.48,0.017,65.7,0.965,94.7
red_rust,8,58.23,56.94,7,2.28,0.67,88.7,1.136,1.3
brown_blight,21,43.68,33.9,6,2.2,0.675,88.2,0.965,20.6
grey_blight,14,38.99,3.55,0,0,0.018,64.3,1.181,93.5
brown_blight,26,45.16,0.1,0,0,0,70.4,0.753,99.9
helopeltis,30,18.67,15.99,6,4.55,0.548,95,0.973,24.5
helopeltis,15,29.62,1.24,1,0.38,0.009,57.2,1.218,97
red_rust,15,23.42,20.11,3,4.18,0.879,85.3,0.842,8.5
grey_blight,6,27.34,15.36,2,3.55,0.403,74,0.9,48.3
grey_blight,1,38.7,28.76,7,3.87,0.628,62.7,1.064,26.9
brown_blight,1,53.4,51.94,9,3.3,0.56,90.8,0.863,5.5
grey_blight,8,54.01,6.35,1,0.74,0,58.5,0.93,92.9
helopeltis,14,15.08,9.98,4,3.5,0.398,81.3,1.113,41.7
grey_blight,5,42.36,26.36,6,2.25,0.32,71.4,0.814,44.8
blister_blight,27,69.71,3.53,1,0.1,0.026,69.3,0.787,95.4
blister_blight,8,51.21,43.62,11,3.38,0.883,92.5,0.794,10.8
grey_blight,13,29.99,0.65,0,0,0.019,59.4,1.013,97.5
grey_blight,15,40.93,10.21,3,2.21,0.126,75.9,0.753,77.6
grey_blight,9,48.31,5.72,0,0,0.042,59.9,0.812,90.8
grey_blight,17,64.58,58.24,10,2.7,0.659,93,1.092,15.1
red_rust,16,34.79,5.27,0,0,0.146,67.6,0.993,84.5
helopeltis,14,52.54,21.4,7,1.91,0.124,63.5,0.811,69.3
brown_blight,16,35.01,1.58,0,0,0,63.6,0.85,97.3
grey_blight,19,45.84,39.01,8,4.94,0.442,87.6,1.085,19
helopeltis,12,25.61,23.81,8,5.29,0.655,86.7,1.094,10.6
grey_blight,17,56.07,17.44,3,0.63,0.129,79.6,1.087,74.6
grey_blight,0,64.99,64.88,13,2.6,0.856,80.5,0.751,2.4
grey_blight,0,35.6,35.59,7,4.28,0.723,95,0.966,2
grey_blight,5,62.38,59.09,13,3.61,0.854,91.7,1.113,6.4
red_rust,3,39.85,11.36,3,1.9,0.392,61.7,1.022,59.1
grey_blight,17,60.17,5.49,0,0,0,59.5,1.113,94.5
grey_blight,10,44.15,0.1,0,0,0.023,59.2,1.181,98.3
brown_blight,11,54.23,0.54,1,0.32,0.047,63.7,0.932,96.3
brown_blight,23,52.26,39.18,7,2.11,0.705,88.4,1.178,22.2
red_rust,13,29.32,29.77,3,4.85,0.695,87.9,1.037,2.9
brown_blight,16,33.75,29.33,4,3.32,0.559,81.8,1.205,11.6
blister_blight,5,76.07,67.99,16,3.25,0.86,78.1,0.874,9.8
blister_blight,27,39.31,31.43,7,2.53,0.672,80.7,0.762,18.5
brown_blight,4,63.12,55.59,9,4.32,0.712,87.4,0.858,10.2
red_rust,20,58.39,52.03,7,4.1,0.775,91.3,1.088,12.3
red_rust,0,28.37,27.28,5,6.06,0.692,60.2,0.87,2.3
grey_blight,3,59.31,22.81,7,2.19,0.22,62.7,0.902,63.2
brown_blight,18,59.67,10.73,3,1.63,0.123,74.3,0.996,82.3
grey_blight,5,26.47,13.37,2,2.45,0.189,68.5,0.987,58
red_rust,28,31.45,24.54,3,3.84,0.533,81,0.962,17.7
blister_blight,11,38.99,35.36,8,5.61,0.598,78.4,0.802,13.5
red_rust,0,36.1,40.72,4,2.48,0.949,72.7,0.826,0
brown_blight,18,43.35,5.03,2,0.76,0.086,73.1,1.146,88.8
red_rust,3,54.68,33.06,5,3.58,0.567,71.2,1.226,35.1
red_rust,16,38.4,0.1,0,0,0.004,62.5,1.053,99.6
blister_blight,20,51.85,41.48,9,2.34,0.745,84.3,1.225,16.2
brown_blight,28,35.61,30.85,4,2.8,0.468,79.8,1.086,19.4
red_rust,2,33.99,12.19,1,2.68,0.387,60.1,0.962,51.2
grey_blight,17,61.28,48.97,10,4.05,0.604,93.7,0.834,19.3
helopeltis,20,30.96,3.09,2,0.41,0.049,64,1.24,91.5
grey_blight,20,26.97,0.1,0,0,0,60.4,0.879,99.8
grey_blight,3,49.01,45.44,8,5.93,0.685,85.8,1.116,8.1
grey_blight,19,45.93,2.63,1,0.23,0.066,71,0.886,93.5
blister_blight,21,51.92,4.91,1,0.41,0.121,70.5,1.025,89.2
blister_blight,6,44.93,6.86,3,1.33,0.202,63.1,0.959,81.3
brown_blight,27,68.61,55.82,8,4.65,0.653,90.6,0.775,22
grey_blight,20,64.78,11.87,2,0.19,0,65.3,0.851,89
grey_blight,8,54.5,5.12,1,0.28,0,57.7,0.876,94.4
helopeltis,20,21.69,3.69,1,0.51,0.031,64.3,0.954,87.6
blister_blight,33,67.36,41.14,11,2.24,0.586,77.7,0.899,31.8
helopeltis,35,40.01,7.1,3,0.48,0.034,76.3,1.243,87.3
blister_blight,23,39.69,34.78,7,2.91,0.526,83.1,0.863,11.2
brown_blight,16,44.1,16.15,1,1.55,0.167,75.6,1.162,66.2
helopeltis,5,32.15,30.04,12,5.62,0.794,92.7,0.841,9.1
blister_blight,18,70.98,4.44,0,0,0.077,62.5,1.163,91.8
brown_blight,28,42.52,38.55,5,2.73,0.551,78.9,0.886,14.1
blister_blight,27,77.69,0.1,2,0.27,0.088,69.4,0.876,96
brown_blight,5,38.4,33.15,7,3.11,0.823,83.5,0.891,11.7
grey_blight,1,28.88,26.97,5,3.73,0.833,86.9,0.84,4
brown_blight,2,35.31,19.32,3,2.53,0.378,55.2,1.006,49.4
blister_blight,30,53.61,1.43,0,0,0.03,62.2,0.811,96.5
grey_blight,3,41.55,32.64,7,4.14,0.403,78.2,1.076,27.9
grey_blight,6,46.43,46.74,8,3.67,0.701,88.9,0.947,4.3
blister_blight,33,42.03,27.49,7,2.58,0.696,93.5,0.867,29.2
grey_blight,1,39.77,33.63,6,2.01,0.449,68.8,0.929,19.3
blister_blight,4,70.57,61.89,14,4.52,0.674,82.2,1.041,10.5
blister_blight,5,79.18,72.44,17,3.26,0.884,89.4,1.169,5.1
red_rust,18,33.46,6.69,0,0,0.236,73.2,1.045,73.3
blister_blight,31,79.01,9.93,4,0.76,0.195,74.9,1.147,83.3
brown_blight,15,47.1,38.17,6,3.02,0.452,77.6,0.915,24.1
helopeltis,10,20.36,4.17,3,1.29,0.08,55.2,1.086,81.9
blister_blight,9,39.43,34.66,8,3.98,0.598,85.6,1.08,9.4
red_rust,26,52.54,41.12,6,3.74,0.729,81.5,1.121,20
blister_blight,9,38.29,33.16,7,4.63,0.871,81.7,1.052,10.6
blister_blight,11,65.22,57.55,13,5.24,0.769,90.2,0.908,10.5
blister_blight,28,47.21,0.1,0,0,0.057,69.3,1.164,97.2
red_rust,7,42.55,40.21,5,2.78,0.739,84.1,1.008,3.3
grey_blight,20,29.33,6.12,1,0.97,0.09,79.6,1.171,82.2
blister_blight,35,68.96,61.05,10,3.09,0.634,76.5,0.801,11.3
helopeltis,12,19.49,13.78,6,2.58,0.396,79.6,0.896,33.9
helopeltis,23,19.7,10.18,5,3.51,0.271,81.9,1.143,57.1
brown_blight,15,50.42,46.94,9,4.53,0.78,92.1,1.063,8.6
blister_blight,6,43.34,20.32,5,2.8,0.437,72,1.209,42.5
red_rust,24,41.01,0.35,0,0,0.167,73.1,0.851,90.3
brown_blight,12,68.56,61.96,10,4.91,0.678,83.9,1.205,10.5
brown_blight,17,40.3,34.42,7,4.65,0.681,79.2,0.78,15.3
helopeltis,21,30.46,15.03,6,3.66,0.265,78.8,0.915,54.3
grey_blight,1,54.63,53.51,10,5.02,0.657,81.1,1.021,5.1
blister_blight,1,44.26,35.03,8,2.01,0.551,65.8,0.806,17.1
helopeltis,3,27.69,27.59,10,2.83,0.699,81.1,1.061,7.7
red_rust,28,34.14,0.28,0,0,0.036,64.8,1.071,97.9
blister_blight,18,66.4,52.98,11,5.02,0.77,86.3,1.215,16.8
blister_blight,22,62.11,0.1,0,0,0.067,63.5,1.027,97
red_rust,23,54.75,0.15,2,0.5,0.18,72.4,1.081,87.3
blister_blight,6,66.39,65.21,14,2.37,0.845,79.7,1.09,2.6
grey_blight,1,55.25,36.21,10,4.31,0.392,58.1,1.02,34.3
blister_blight,28,50.56,8.72,2,0.62,0.148,74,1.198,82.9
grey_blight,11,39.59,10.52,3,1.41,0.082,73.6,1.07,80.5
grey_blight,9,34.94,33.57,6,5.38,0.831,87.4,0.908,6
red_rust,12,39.83,8.9,1,0.45,0.303,71.4,0.961,69.3
helopeltis,25,51.32,12.45,2,0.74,0.057,66.5,0.932,82.8
blister_blight,24,73.3,6.52,0,0,0,61.8,0.908,94.7
grey_blight,6,57.04,6.8,2,0.92,0.094,59.4,0.84,86.4
grey_blight,20,32.7,23.67,5,3.47,0.584,91.4,0.801,26.2
grey_blight,19,61.43,3.57,0,0,0.006,60.2,0.968,96.1
red_rust,10,51.38,7.07,0,0,0.04,62.2,0.996,89
red_rust,3,30.69,9.99,2,1.61,0.423,60.9,1.005,58.4
helopeltis,13,49.82,29.72,14,3.25,0.381,79,0.93,42.7
brown_blight,22,43.71,1.09,0,0,0.046,61.2,1.182,95.5
blister_blight,22,71.58,54.87,13,3.26,0.707,94.9,1.25,19.5
grey_blight,9,62.6,53.58,11,3.94,0.613,94.5,0.922,11
grey_blight,17,48.32,2.92,0,0,0,69.9,1.109,96.4
helopeltis,22,32.84,28.29,11,2.71,0.441,84.1,0.862,21
red_rust,25,58.49,0.1,1,0.1,0,62.9,0.964,99.9
brown_blight,10,65.91,8.68,1,0.32,0.037,60.5,1.087,90.5
helopeltis,28,22.25,0.95,0,0,0.024,60.4,1.155,96
red_rust,21,47.34,8,2,0.92,0.339,75.1,1.092,75.4
red_rust,10,31.91,23.68,3,2.79,0.561,78.6,0.766,17.2
helopeltis,25,29.86,7.33,4,1.61,0.127,76.5,0.974,78.7
grey_blight,19,46.04,0.1,0,0,0.015,65.9,1.094,99.2
grey_blight,2,44.09,45.08,8,5.81,0.766,94.2,1.147,2.6
blister_blight,1,45.28,48.46,10,3.42,0.85,94.3,0.837,1.7
red_rust,9,41.09,0.1,0,0,0.108,57.2,1.117,94
grey_blight,7,49.94,19.49,4,2.42,0.282,74.6,1.051,63.5
grey_blight,15,64.84,53.27,10,2.99,0.56,88.8,1.15,18
grey_blight,15,37.64,30.19,5,3.16,0.513,87.3,1.063,18.6
brown_blight,25,67.35,15.4,4,1.21,0.186,76.3,1.092,75.4
blister_blight,2,43.83,43.46,10,5.54,0.933,78.8,1.003,0.6
blister_blight,24,72.83,49.01,13,4.33,0.686,76.4,0.795,27.9
red_rust,0,49.73,47.74,7,4.79,0.703,87.7,0.969,2.4
brown_blight,22,63.83,50.55,9,2.03,0.599,85.5,0.95,22
brown_blight,26,51.95,1.03,0,0,0,67.3,0.894,98.8
brown_blight,10,53.34,16.66,4,1.12,0.176,69.2,0.945,73.6
brown_blight,16,53.99,7.47,2,0.43,0,69,1.003,91.7
grey_blight,16,54.56,47.4,9,3.89,0.705,87.6,1.093,18.1
brown_blight,10,36.69,28.49,5,3.51,0.647,78.4,1.14,25.6
blister_blight,5,35.02,10.42,1,1.56,0.31,67.2,0.926,61.4
blister_blight,30,37.63,28.13,7,3.12,0.494,86.4,0.917,24.5
brown_blight,11,67.12,5.68,0,0,0.028,64,1.172,93.7
helopeltis,16,32.17,5.62,3,1.74,0.031,59.6,0.954,87.6
red_rust,18,28.14,0.1,0,0,0.039,57.4,1.187,97.6
brown_blight,11,69.65,62.97,11,3.98,0.507,82.8,1.16,10
grey_blight,0,26.99,26.93,4,6.12,0.714,76.5,0.825,2.8
helopeltis,24,46.19,12.51,7,0.84,0,75.8,1.142,83.8
red_rust,8,32.64,25.56,6,3.34,0.65,90,1.115,13.1
grey_blight,1,35.14,30.22,7,3.53,0.64,78,1.198,13.3
grey_blight,16,37.2,6.35,1,0.56,0.082,73.4,0.834,85.3
red_rust,24,30.83,20.11,4,4.04,0.526,77.8,0.935,32.8
blister_blight,24,48.39,48.14,8,3.6,0.485,82.6,1.033,5.3
red_rust,10,28.02,4.21,1,0.52,0.248,66.7,0.858,79.8
red_rust,5,57.88,10.18,1,1.42,0.397,64.6,0.87,69.9
grey_blight,9,39.1,6.72,0,0,0.095,67.8,1.111,83.8
helopeltis,5,47.57,45.01,17,5.34,0.533,85.9,1.01,7.9
brown_blight,24,43.28,0.1,1,0.1,0,55.5,0.983,99.9
blister_blight,13,43.76,14.9,3,1.67,0.224,71.6,0.934,65.8
brown_blight,14,63.71,54.88,10,3.57,0.524,86.6,0.907,13.2
red_rust,24,48.76,0.1,0,0,0.006,65,0.893,99.5
helopeltis,34,24.88,5.48,3,1.96,0.009,80.4,1.145,86.3
red_rust,15,20.28,0.1,0,0,0.106,69.4,1.16,93.6
brown_blight,21,43.83,33.41,6,3.93,0.574,87.2,1.086,22.9
grey_blight,15,49.58,5.62,2,0.28,0.045,67.8,1.012,90.8
blister_blight,35,69.73,40.04,12,2.48,0.606,78.9,0.756,32.6
blister_blight,28,65.75,0.66,1,0.2,0,65.9,0.973,99.4
grey_blight,2,58.73,48.95,12,2.85,0.55,81,1.072,15.5
helopeltis,7,20.63,15.22,6,3.22,0.605,77.3,0.862,29.1
brown_blight,2,41.51,40.75,8,4.55,0.796,93.6,0.797,1.1
blister_blight,16,46.71,29.32,5,1.52,0.406,74.6,1.008,36.9
blister_blight,27,45.35,36.18,8,4.28,0.534,89.7,0.816,20.6
grey_blight,4,47.86,11.57,4,1.53,0.156,57.4,0.842,77.9
grey_blight,2,52.74,31.72,7,3.35,0.486,67.2,1.133,40.4
grey_blight,13,59.3,50.59,11,5.64,0.485,83.3,0.799,17.7
grey_blight,6,30.41,6.4,1,1.7,0.104,62.2,0.849,81.2
blister_blight,29,61.92,0.1,0,0,0,58,0.98,99.9
helopeltis,11,47,13.72,6,1.64,0.09,61.9,0.923,76.7
blister_blight,0,58.35,52.38,12,3.33,0.678,61.7,0.773,7.7
brown_blight,4,40.74,10.24,3,1.27,0.208,61.7,0.8,70.9
helopeltis,24,18.56,0.92,0,0,0,61.7,1.097,97
helopeltis,4,45.9,28.9,12,3.84,0.309,56.8,0.835,45.5
helopeltis,15,27.54,8.95,5,0.7,0.111,72.1,1.169,72.6
red_rust,11,35.05,14.09,4,2.17,0.5,76,0.934,46.8
grey_blight,11,33.4,26.55,5,3.15,0.501,93.8,0.808,18.2
red_rust,8,40.15,38.27,5,5.21,0.755,81.6,1.165,4.2
blister_blight,14,73.21,36.49,9,2.9,0.559,74.6,0.875,46.6
blister_blight,10,71.17,66.26,13,3.52,0.871,90.7,0.843,6
brown_blight,26,67.84,0.1,0,0,0.003,55,0.898,99.7
grey_blight,21,45.28,38.01,6,5.62,0.495,92.3,1.036,19.4
blister_blight,5,77.63,70.88,16,4.21,0.777,85.1,1.243,7.9
blister_blight,16,78.59,69.51,14,5.05,0.771,88.5,1.094,9.9
brown_blight,20,57.1,44.67,8,4.56,0.711,92.7,0.937,20.5
blister_blight,0,55.28,54.14,11,2.64,0.881,59.2,1.191,1.2
grey_blight,13,40.52,0.37,0,0,0.061,60.3,1.165,96.2
helopeltis,3,42.57,34.89,13,3.06,0.579,65,1.22,23.9
grey_blight,5,40.17,11.99,4,1.84,0.14,62.1,0.774,74.8
red_rust,12,29.14,1.07,0,0,0.049,56.3,1.183,94.9
blister_blight,2,50.14,41.68,10,5.94,0.699,84.3,1.011,10.1
grey_blight,0,57.42,58.92,11,6,0.595,84.3,0.886,0.7
blister_blight,25,70.27,0.1,0,0,0.01,55.2,1.027,99.2
grey_blight,21,25.21,1.88,0,0,0,58.4,0.973,95.5
grey_blight,20,33.73,1.71,1,0.3,0.028,73.6,1.218,95.5
helopeltis,33,35.2,1.01,1,0.1,0.019,60.3,0.765,97.3
helopeltis,5,37.18,29.66,11,4.72,0.51,74.2,1.172,27.3
red_rust,28,20.61,0.1,0,0,0.055,72.5,0.892,95.8
blister_blight,33,79.63,0.1,1,0.1,0.038,71.1,0.8,98
brown_blight,21,36.03,34,5,5.18,0.683,94.7,1.176,10.1
helopeltis,4,43.42,38.75,17,3.15,0.529,88.3,0.835,10.5
red_rust,21,30.13,1,0,0,0.005,59.1,1.205,97.8
helopeltis,25,54.02,44.13,17,2.75,0.61,92.4,1.058,24.4
red_rust,17,36.64,30.07,4,4.95,0.594,91.7,1.11,15.5
brown_blight,2,32.05,24.28,6,3.87,0.485,72.7,0.996,24.1
helopeltis,16,27.95,18.01,9,2.03,0.403,78.3,0.79,43.3
red_rust,9,30.77,10.95,1,0.97,0.429,73.2,1.15,58.2
brown_blight,22,47.42,0.1,0,0,0.019,68.7,0.916,98.8
grey_blight,1,63.91,52.88,12,3.18,0.599,74.8,1.242,17
brown_blight,28,69.01,51.21,9,2.01,0.459,89.1,1.158,26.5
blister_blight,23,38.64,4.01,0,0,0.012,64.7,0.935,93.1
brown_blight,2,62.27,57.5,9,3.83,0.908,94.9,1.179,5.7
red_rust,8,27.32,25.39,4,4.12,0.821,94.4,0.965,4.2
brown_blight,24,30.41,20.23,4,4.01,0.687,91.5,1.068,27.6
blister_blight,15,68.73,56.66,12,5.59,0.794,82.1,1.129,15.4
helopeltis,24,54.88,46.79,17,3.98,0.4,85,0.978,22.5
blister_blight,18,57.16,54.51,11,2.27,0.582,83.9,0.848,7.6
brown_blight,22,39.6,0.21,0,0,0,65.9,1.105,99.7
red_rust,3,55.11,58.65,9,4.79,0.701,81.2,1.025,1.1
helopeltis,3,22.47,18.18,8,2.85,0.495,77,0.963,22.4
brown_blight,23,42.26,0.1,0,0,0,57.3,1.161,99.9
grey_blight,5,45.55,5.4,2,0.76,0.051,55.3,0.894,89.9
grey_blight,11,40.31,8.13,3,1.29,0.094,72.2,1.065,83.8
helopeltis,18,43.28,6.74,5,0.56,0.06,65.1,0.839,87.8
brown_blight,10,54.84,47.79,9,2.3,0.614,88.7,0.926,11.4
red_rust,4,49.74,22,3,2.37,0.479,67.7,1.125,50.5
blister_blight,11,70.55,55.04,11,4.02,0.657,75.9,1.095,21.4
grey_blight,16,57.64,49.67,10,4.45,0.605,86.9,0.966,18.1
blister_blight,13,70.74,58.7,13,5.27,0.775,89,0.803,13.3
red_rust,22,34.26,28.59,4,4.37,0.718,92.9,0.881,12.6
brown_blight,22,50.06,0.1,1,0.27,0,67.5,0.785,99.9
helopeltis,34,37.66,6.7,4,0.84,0.063,74.8,0.986,86.2
grey_blight,20,40.39,9.7,4,0.64,0.094,78.8,0.968,79.2
blister_blight,2,35.06,31.3,7,6.37,0.897,94.2,0.9,6.4
blister_blight,17,77.63,64.23,15,5.16,0.749,78.4,0.827,14.2
red_rust,24,20.05,10.57,0,0,0.522,76.4,0.81,44.6
grey_blight,8,44.02,9.96,3,1.57,0.038,70.3,1.175,84.3
blister_blight,35,73.02,0.1,0,0,0.027,61.3,0.884,98.4
brown_blight,18,68.02,12.6,1,0.83,0.093,72.5,1.041,82.8
brown_blight,14,41.43,39.68,7,3.52,0.716,85.5,0.852,8.5
grey_blight,1,27.48,20.79,3,2.75,0.58,59.8,1.038,26.9
blister_blight,19,56.67,0.1,0,0,0.012,60,0.809,99.3
helopeltis,20,44.44,38.42,15,3.04,0.441,93,1.169,19.3
grey_blight,21,50.01,14.03,3,1.26,0.173,82.2,1.219,73.7
helopeltis,17,26.23,3.14,3,0.64,0.009,65.7,1.25,92.2
grey_blight,13,25.63,22.49,3,4.19,0.661,90.5,1.115,14.7
blister_blight,31,51.7,0.1,0,0,0.002,56.6,1.244,99.8
blister_blight,6,39.1,22.52,6,1.83,0.646,73.1,0.827,35.7
grey_blight,21,58.32,52.15,10,4.67,0.455,86.7,1.243,14.4
red_rust,4,23.31,8.68,1,1.27,0.446,66.7,1.208,57.1
blister_blight,11,36.43,25.16,6,3.43,0.671,76.4,1.024,26.1
helopeltis,3,38.51,25.66,12,3.57,0.558,63.1,0.876,33.4
helopeltis,14,53.02,25.16,11,1.86,0.176,76.8,1.24,62.3
brown_blight,15,44.19,6.95,1,0.67,0.102,71.1,1.025,86.1
brown_blight,3,46.11,11.94,2,1.88,0.223,55,1.197,75
blister_blight,13,66.29,3.33,0,0,0.099,61.6,0.788,92.3
brown_blight,12,60.42,51.36,11,5.1,0.627,83.2,1.006,15.7
blister_blight,34,50.46,1.34,0,0,0.016,70.6,0.891,97.7
helopeltis,13,38.26,18.19,10,3.38,0.254,72,0.834,55.1
helopeltis,12,36.35,11.58,4,0.88,0.104,55.4,0.822,75.6
red_rust,28,33.31,0.1,0,0,0.048,65.5,0.969,96.6
brown_blight,17,68.49,57.08,9,3.76,0.639,92.1,1.06,17
grey_blight,16,28.9,0.1,1,0.1,0,68.1,1.177,99.8
red_rust,22,52.24,0.1,0,0,0.042,62.7,0.89,97.9
brown_blight,19,48.37,38.58,7,2.69,0.55,83.9,0.956,16.3
brown_blight,9,51.89,48.85,7,5.17,0.66,81.6,1.246,8.1
helopeltis,9,34.47,29.95,12,3.77,0.663,93.6,1.239,12.3
blister_blight,10,65.41,20.33,7,2.17,0.315,72.8,0.971,62.3
blister_blight,17,64.64,51.57,11,4.25,0.65,77.2,0.999,17.3
red_rust,8,58.51,18.93,5,1.54,0.384,71.8,0.813,56.8
blister_blight,24,79.43,61.75,15,3.33,0.743,78.8,0.825,20.2
brown_blight,18,39.38,3.41,1,0.1,0,56.2,0.923,94.8
helopeltis,35,42.43,9.9,3,0.37,0.019,72,1.075,85
blister_blight,20,45.96,1.06,0,0,0,57.4,1.214,98.6
grey_blight,12,60.06,4.07,0,0,0,67.1,1.114,95.9
brown_blight,7,56.65,8.58,2,0.87,0.052,64,1.244,88.6
red_rust,9,55.65,0.1,0,0,0.114,60.8,0.956,92.1
brown_blight,12,40.78,39.32,7,2.57,0.749,82.8,0.845,7.3
blister_blight,10,73.53,71.56,16,3.45,0.656,90.5,0.952,6.4
helopeltis,28,49,5.16,2,0.59,0.014,69.3,1.173,92.9
red_rust,19,22.34,0.48,0,0,0.028,61.3,0.903,97.1
helopeltis,5,26.66,22.88,11,3.34,0.658,93.2,0.985,9.6
grey_blight,0,38.82,34.73,6,5.14,0.887,73.7,1.158,9
grey_blight,5,39.21,25.54,6,3.08,0.59,81.5,1.091,32
red_rust,26,41.57,1.1,1,0.52,0.165,74.4,1.234,89.3
blister_blight,31,60.92,0.1,0,0,0,60.1,1.116,99.9
blister_blight,14,65.84,58.89,14,4.79,0.696,93.6,0.796,10
brown_blight,3,62.9,49.99,10,3.04,0.615,77.1,1.152,19.5
helopeltis,9,31.32,13.02,7,3.09,0.135,65,1.094,65.4
red_rust,25,25.15,0.1,1,0.55,0.099,74,1.224,94.6
red_rust,24,54.27,0.1,0,0,0.09,68.4,1.222,93.9
helopeltis,14,17.52,6.91,2,1.49,0.146,69.7,1.093,70.1
blister_blight,31,58.44,0.63,0,0,0,58.6,1.062,99.4
brown_blight,14,67.78,60.18,10,5.06,0.779,81.9,1.071,12.7
red_rust,7,38.11,33.56,4,5.61,0.732,93.5,1.168,9.4
grey_blight,2,25.28,26.72,5,2.64,0.857,88,1.09,2.3
red_rust,18,47.81,42.43,6,2.22,0.556,80.6,0.821,10
blister_blight,17,50.69,44.72,10,4.71,0.683,92.6,0.798,14.1
blister_blight,11,62.28,52.44,10,5.44,0.633,86.7,1.049,13.9
brown_blight,23,31.56,0.1,0,0,0,67.9,1.083,99.8
brown_blight,19,59.45,49.08,9,5.76,0.553,91.2,0.915,17.7
red_rust,7,57.26,38.63,7,2.96,0.519,75.5,0.795,28.3
helopeltis,5,47.74,25.29,12,2.86,0.384,62.7,1.245,49.3
blister_blight,18,41.52,1.32,0,0,0.003,62.6,1.113,98
blister_blight,24,67.6,2.83,1,0.1,0.009,63,1.123,96.9
red_rust,14,28.33,0.1,0,0,0.02,62.6,0.853,98.7
red_rust,18,32.58,24.14,6,3.47,0.501,82.4,0.792,21.1
blister_blight,20,61.69,5.42,1,0.62,0.198,71.5,0.946,85.3
brown_blight,4,62.57,26.26,2,1.1,0.231,59.4,1.093,64.5
red_rust,16,21.79,8.95,1,0.98,0.438,73.3,0.777,56.5
red_rust,16,20.74,1.38,1,0.1,0.074,67.1,1.095,92.4
red_rust,22,57.22,37.45,7,4.01,0.623,94.8,1.168,24.1
red_rust,18,50.92,43.75,6,1.86,0.61,86.4,0.996,11.5
helopeltis,8,28.46,15.93,8,4.26,0.24,75.4,1.113,49.2
grey_blight,17,53.73,22.44,5,3.03,0.24,79,0.812,60.8
helopeltis,34,27.66,4.02,2,0.84,0.05,74.4,1.089,88.2
blister_blight,31,74.09,49.34,11,2.14,0.72,93.5,0.862,28.7
helopeltis,15,43.86,41.96,15,5.2,0.48,88.4,0.891,10.2
blister_blight,26,71.84,0.1,0,0,0.04,55.9,0.911,98.2
helopeltis,10,47.68,30.05,15,3.04,0.505,79.6,1.181,40.2
blister_blight,14,71.53,3.75,0,0,0,60.1,1.078,96.9
blister_blight,5,71.74,20.24,5,1.11,0.243,61,1.149,71.9
grey_blight,5,28.3,14.67,5,2.35,0.317,72.6,0.827,49.5
blister_blight,35,45.32,6.09,0,0,0.031,69.4,0.883,90.5
helopeltis,34,36.55,7.81,3,0.74,0.009,69.6,0.879,86.6
helopeltis,14,15.89,5.13,3,1.91,0.129,66,1.001,72.4
grey_blight,6,55.02,14.03,1,1.74,0.121,60.7,0.868,78.5
helopeltis,19,35.5,9.95,4,1.37,0.102,70.5,1.086,78.3
grey_blight,2,47.39,41.69,7,4.6,0.537,81.7,1.179,13
brown_blight,2,64.51,63.41,11,5.16,0.811,87,0.84,1
red_rust,27,44.16,34.78,6,2.11,0.8,95,1.186,17.1
helopeltis,9,27.92,22.07,10,3.25,0.388,79.7,0.991,30.1
brown_blight,2,53.61,41.88,6,3.69,0.571,70.4,0.863,20.4
blister_blight,23,48.34,0.4,0,0,0.033,65.2,0.96,97.7
helopeltis,1,20.44,19.76,8,5.83,0.68,94,0.783,5.1
grey_blight,20,26.97,21.49,3,4.92,0.486,90.9,0.866,17.8
helopeltis,13,46.48,10.97,4,0.77,0,58.3,1.06,85.8
brown_blight,9,69.58,5.73,2,0.46,0.002,60.5,1.037,95
brown_blight,26,33.97,25.58,6,2.88,0.685,92,0.854,24.6
blister_blight,28,40.32,33.21,7,4.85,0.67,80.2,1.098,15.7
helopeltis,13,34.88,25.73,11,2.04,0.476,79.5,0.766,28.1
brown_blight,5,51.9,47.86,8,3.41,0.568,91.1,0.887,4.7
grey_blight,15,37.31,0.44,1,0.2,0,61.5,1.213,99.3
helopeltis,22,31.32,8.34,6,1.27,0.167,74.3,0.856,72.7
helopeltis,13,34.87,30.11,12,2.84,0.641,91.8,0.822,14.1
red_rust,16,37.71,0.1,0,0,0.093,64.8,1.224,94
helopeltis,35,21.94,17.04,6,2.94,0.497,89.2,1.229,30.6
blister_blight,26,74.5,58.01,13,4.48,0.606,89.8,1.19,21.9
helopeltis,11,17.08,9.77,4,3.33,0.326,76.1,1.221,49.4
helopeltis,19,32.44,10.56,3,1.63,0.059,68.6,1.065,77.5
grey_blight,18,26.54,24.19,5,3.72,0.59,94.2,0.934,11.3
helopeltis,30,34.46,24.69,11,3.31,0.507,88.1,1.063,31.7
helopeltis,14,47.36,18.53,10,2.04,0.105,73.3,1.15,71.1
grey_blight,20,59.13,0.1,0,0,0.022,58.2,1.041,99
helopeltis,31,21.87,10.08,6,1.76,0.163,79.5,0.801,61.5
blister_blight,35,71.63,0.1,0,0,0,67.3,1.058,99.9
helopeltis,16,25.25,20.72,10,3.38,0.632,89.9,0.94,20.5
blister_blight,15,42.89,1.06,0,0,0,63,1.095,98.5
helopeltis,22,16.17,2.94,1,0.7,0.029,70.8,1.053,87.6
helopeltis,17,37.76,16.33,9,2.99,0.153,74.9,0.873,65.1
red_rust,13,28.3,25.57,2,4.72,0.588,88.5,1.203,6.8
blister_blight,16,42.82,38.81,8,4,0.567,92.9,1.135,6.1
brown_blight,4,57.54,23.06,4,2.16,0.293,61.7,0.937,63.3
red_rust,19,52.91,8.46,2,0.24,0.191,73.5,1.009,81.9
blister_blight,5,44.92,40.82,9,3.46,0.748,86.2,0.843,6
grey_blight,13,28.09,2.39,0,0,0.01,60.1,0.835,94.3
grey_blight,19,63.1,0.1,0,0,0.033,65.8,1.192,97.5
red_rust,0,33.68,35.29,4,6.18,0.762,56,1.212,1.5
grey_blight,4,37.86,15.29,4,2.9,0.147,60.1,0.767,66.8
red_rust,0,23.32,24.53,3,5.65,0.911,72.6,0.846,0.1
red_rust,0,25.3,24.44,4,3.97,0.559,75.3,1.086,2.3
blister_blight,23,77.87,66.49,14,3.61,0.567,84,1.204,13
blister_blight,16,78.56,63.37,15,4.88,0.593,86.7,0.794,14.3
blister_blight,1,45.39,37.9,9,3.51,0.484,62.6,0.978,16.2
grey_blight,11,28.44,0.36,0,0,0.021,59.2,0.779,97.8
helopeltis,22,38.19,4.85,3,1,0.091,65.5,0.836,87.7
brown_blight,13,51.87,45.11,8,3.72,0.502,94.1,0.94,12
red_rust,1,43.42,41.91,5,4.12,0.642,83.8,1.046,2.1
helopeltis,15,37.25,30.78,14,2.6,0.658,92.9,0.956,18.1
red_rust,23,52.44,45.41,5,2.04,0.535,87.2,0.794,12.1
blister_blight,0,67.83,69.61,14,5.71,0.676,90.5,1.069,0
helopeltis,7,26.75,17.89,7,4.04,0.516,75,0.889,35
blister_blight,25,36.75,3.2,0,0,0.006,68.5,1.059,94.3
grey_blight,20,43.32,40.22,8,3.29,0.701,85.1,0.878,12.7
red_rust,28,44.07,36.14,7,3.66,0.616,93.9,0.782,18.1
brown_blight,10,48.73,0.79,0,0,0.012,58.4,1.04,98.2
brown_blight,9,50.13,44.67,9,3.97,0.604,89.4,0.847,10.4
red_rust,1,43.98,47.59,6,6.54,0.838,84.7,0.836,0
grey_blight,6,52.57,11.67,3,1.8,0.13,63.6,0.921,80.8
red_rust,7,44.88,44.17,6,5.19,0.532,85,1.02,2.5
red_rust,24,43.21,1.45,0,0,0.049,67.8,1.202,95.8
helopeltis,9,18.19,17.01,7,5,0.73,92.7,0.959,10.2
brown_blight,10,35.89,32.86,5,3.28,0.778,80.2,0.754,8.7
red_rust,11,32.45,28.65,3,3.55,0.611,88.9,0.855,7.3
brown_blight,16,69.51,59.98,11,3.87,0.719,85.8,0.896,16.6
grey_blight,9,64.83,55.43,11,3.85,0.694,90.8,0.755,14.3
blister_blight,1,50.97,47.02,10,5.01,0.699,75.8,0.785,4.7
red_rust,16,40.81,32.75,6,3.21,0.695,89.9,0.932,16.3
red_rust,23,23.55,0.8,1,0.1,0.033,67.8,1.182,95.8
helopeltis,14,33.15,25.89,10,4.49,0.425,82.5,1.003,28
grey_blight,15,41.99,3,0,0,0.007,62.3,0.921,95.2
helopeltis,2,32.93,29.49,10,3.68,0.481,59.8,0.878,18.1
grey_blight,19,35.04,2.83,2,0.19,0,70.7,0.8,95.2
blister_blight,9,65.21,61.99,15,2.68,0.778,85.7,1.155,6.1
blister_blight,7,70.72,12.14,3,0.9,0.167,62,1.073,79.7
red_rust,1,54.86,43.24,7,4.57,0.771,68.7,0.973,17.5
helopeltis,20,24.06,9.69,4,2.09,0.168,75,0.99,68.1
red_rust,17,26.98,27.76,4,5.18,0.694,94,0.911,2.6
red_rust,16,57.26,48.88,7,4.46,0.804,86.3,1.204,13
brown_blight,25,31.6,1.03,1,0.16,0.031,63.3,0.896,96.5
grey_blight,4,26.72,15.95,3,1.67,0.464,70.7,0.84,44.5
brown_blight,13,33.21,0.25,0,0,0.019,55.6,0.906,98.4
blister_blight,3,55.62,22.44,6,1.04,0.42,60.3,0.991,57.5
blister_blight,11,42.38,37.88,8,5.33,0.602,84,0.969,8.6
helopeltis,3,17.44,13.36,5,5.11,0.497,71,0.964,27.6
red_rust,19,56.01,0.1,0,0,0.025,59.2,1.082,98.5
blister_blight,28,62.78,48.35,12,3.21,0.555,81.8,1.012,20.1
helopeltis,30,38.92,2.89,0,0,0,56.3,0.995,95.5
blister_blight,19,52.82,24.15,7,3.08,0.385,76.3,1.208,47.6
red_rust,0,22.92,23.59,3,4.4,0.916,94.2,0.887,0.1
brown_blight,18,52.4,44.98,8,4.9,0.669,83.3,1.14,16.2
brown_blight,17,56.9,0.1,1,0.1,0.011,59.1,1.239,99.3
grey_blight,20,64.82,49.89,9,4.1,0.487,87.5,1.041,21.5
blister_blight,6,77.63,72.04,16,5.03,0.807,86.3,1.063,6.9
blister_blight,10,51.71,43.04,11,2.91,0.643,87.1,0.781,10.1
brown_blight,0,39.77,38.2,6,4.21,0.801,58.5,0.806,2.8
grey_blight,20,62.27,51.49,10,4.78,0.614,87.2,1.06,21.7
brown_blight,14,55.18,46.39,9,4.48,0.748,84.9,0.777,16.6
grey_blight,4,48.98,23.05,5,1.43,0.206,70.3,1.201,59.2
helopeltis,23,46.16,2.29,5,0.7,0.039,61.5,0.88,94.9
red_rust,12,28.38,27.99,4,5.62,0.517,91.2,0.823,4.7
helopeltis,19,26.63,5.03,3,0.65,0.024,66.9,0.899,87.4
helopeltis,1,35.95,35.61,14,4.9,0.741,86.6,0.762,0.6
helopeltis,20,42.82,26.83,11,2.24,0.37,83.2,1.099,45.6
blister_blight,5,58.17,49.16,13,4.26,0.728,78.7,0.93,9.3
red_rust,28,40.07,3.32,0,0,0,59.5,1.113,95
grey_blight,12,55.7,15.03,4,1.5,0.113,74.7,0.904,77.9
red_rust,16,48.14,1.24,0,0,0.139,70,1.072,90.2
red_rust,22,58.44,4.05,0,0,0.024,65.4,1.064,94.2
red_rust,13,43.08,25.05,4,3.08,0.429,76.1,0.77,35.1
helopeltis,10,18.03,13.35,4,2.49,0.392,80,1.099,34.6
brown_blight,28,65.29,4.34,0,0,0,65.3,1.085,96
red_rust,20,42.39,34.01,6,4.67,0.591,87.3,0.93,17.2
helopeltis,2,32.63,33.53,12,3.06,0.678,86,1.067,2.2
red_rust,27,20.84,0.94,0,0,0,57.3,0.862,97.3
helopeltis,21,32.89,14.61,6,2.7,0.261,79.7,1.145,59.2
helopeltis,17,36.9,5.15,3,0.97,0.065,60.4,0.822,88.1
red_rust,16,58.02,0.95,1,0.73,0.162,72,0.942,89
helopeltis,28,47.45,34.8,14,2.22,0.44,83.7,0.861,34
red_rust,26,39.27,29.55,6,3.62,0.67,88,1.036,18.9
brown_blight,19,56.92,5.83,1,0.66,0.035,70.9,1.162,91.4
helopeltis,21,31.74,11.32,6,0.9,0.151,74.9,0.922,71.9
grey_blight,5,46.42,23.77,5,2.21,0.304,70.6,0.988,56.2
brown_blight,9,30.36,27.75,4,4.3,0.765,92,0.929,10.1
helopeltis,4,22.42,20.41,7,3.97,0.5,83.5,1.076,12.9
grey_blight,16,51.31,1.53,0,0,0,56,1.071,98.2
grey_blight,11,58.54,10.59,1,0.79,0.009,67.7,1.154,88.7
blister_blight,32,61.75,0.1,0,0,0,57.6,0.942,99.9
red_rust,24,39.12,6.85,0,0,0.047,62,0.986,87.1
brown_blight,27,68.66,2.39,0,0,0.026,68.9,1.029,96.3
helopeltis,14,43.45,27.36,12,2.82,0.306,78.2,0.898,45.9
red_rust,21,22.11,14.2,2,2.06,0.578,83.7,0.769,22.9
red_rust,5,38.83,39.6,6,3.43,0.639,79.1,0.849,3
brown_blight,4,59.26,25.91,4,1.89,0.157,60.9,1.162,65.4
helopeltis,19,35.58,27.5,12,3.33,0.426,92,1.107,28.3
helopeltis,20,25.13,13.52,6,2.31,0.225,78.6,0.874,54
brown_blight,18,42.02,37.61,6,2.01,0.56,86.7,0.913,16
red_rust,17,51.25,2.49,0,0,0.09,64.7,0.933,92
red_rust,11,48.02,0.1,0,0,0.052,58.1,0.951,96.5
brown_blight,9,54.22,56.63,10,3.24,0.589,86,0.967,4.2
red_rust,28,43.84,3.98,1,0.1,0.026,68.5,0.795,92.7
grey_blight,3,26.52,22.79,6,5.76,0.721,82.9,1.06,11.5
helopeltis,21,18.13,15.09,6,3.73,0.478,88.4,1.144,19.6
red_rust,6,23.98,4.76,0,0,0.147,59.8,1.052,79.1
brown_blight,22,64.6,58.53,9,4.44,0.501,83.7,0.875,15.2
brown_blight,0,63.88,64.11,10,3.49,0.62,90.9,0.762,0
red_rust,10,23.85,20.74,3,5.48,0.817,92.3,0.962,11.5
red_rust,12,53.82,16.2,4,1.99,0.458,75.3,1.15,57.1
red_rust,21,27.6,0.1,0,0,0.021,59.7,1.159,98.7
brown_blight,22,61.9,50.98,10,4.53,0.656,88.7,1.058,16.4
brown_blight,9,47.24,0.71,0,0,0.075,62.9,0.902,94.6
brown_blight,3,66.43,60.02,10,3.05,0.799,84.4,1.024,9.5
brown_blight,27,43.73,30.23,7,3.16,0.464,81.1,1.115,26.6
helopeltis,9,54.11,49.34,19,4.85,0.687,85.8,1.143,12.4
helopeltis,30,48.73,37.65,15,4.18,0.556,84.7,0.852,29.8
grey_blight,20,38.69,0.1,1,0.46,0,72.8,1.231,99.8
brown_blight,16,54.01,6.45,1,0.61,0.067,70.1,0.777,89.9
grey_blight,21,26.22,20.97,3,5.3,0.551,90,1.113,22.8
red_rust,23,29.07,21.29,3,4.64,0.824,82.9,1.051,19.8
helopeltis,25,53.22,2.32,3,0.72,0.042,63,0.764,95.2
helopeltis,12,15.96,12.5,5,3.83,0.544,87.8,0.907,19.6
helopeltis,20,31.07,21.83,10,4.2,0.488,86.1,1.225,34.3
red_rust,25,44.71,0.71,0,0,0.053,70.1,1.083,95.8
helopeltis,25,40.52,10.51,6,0.9,0.152,77.1,1.064,78
helopeltis,20,33.5,10.47,5,1.49,0.075,74.5,1.22,78
red_rust,23,44.4,4.43,0,0,0.077,67.2,0.941,89.4
helopeltis,13,54.68,47.33,19,3.57,0.683,88.7,1.093,14.4
grey_blight,8,53.36,0.1,2,0.87,0.018,60.5,1.203,98.8
helopeltis,13,29.95,7.67,4,1.23,0.092,62,0.916,78.2
grey_blight,17,59.99,49.15,9,5.11,0.467,83.8,0.814,21.8
red_rust,16,29.89,1.41,0,0,0.027,59.1,1.248,95.9
blister_blight,29,61.56,50.74,10,2.64,0.726,80,0.884,19.8
brown_blight,1,63.68,60.61,10,3.3,0.618,74.1,0.871,4.4
red_rust,12,30.25,30.48,5,2.36,0.473,81.8,0.845,6.8
blister_blight,33,57.62,2.44,0,0,0.002,60.9,0.949,97.3
grey_blight,16,25.5,0.65,0,0,0,62.3,1.072,98.5
blister_blight,2,55.62,56.75,12,3.09,0.669,92.7,1.023,1.8
grey_blight,21,48.3,0.1,0,0,0,62.5,0.843,99.9
blister_blight,9,69.86,49.79,12,5.36,0.703,76.2,1.072,21.7
red_rust,1,59.93,41.45,6,3.22,0.617,60.9,0.844,24.2
helopeltis,15,23.78,21.24,7,3.29,0.348,85.3,1.089,21.5
helopeltis,11,21.57,21.06,7,2.56,0.712,94.2,0.812,8.6
helopeltis,31,43.37,0.84,2,0.47,0.027,69.3,1.043,97.3
helopeltis,13,52.33,40.04,15,2.65,0.499,82.7,1.153,30.8
red_rust,21,31.83,28.6,4,2.81,0.753,88.6,1.194,10.6
blister_blight,14,60.01,0.1,2,0.87,0.126,67.5,0.987,94.2
grey_blight,15,50.07,51.42,8,5.34,0.718,94.8,0.929,5.7
brown_blight,4,59.62,59.44,10,5.92,0.787,85.1,0.821,2.3
red_rust,18,21.24,16.73,1,2.95,0.553,85.5,1.027,16.4
grey_blight,0,55.61,62.27,12,3.38,0.8,61,0.993,0
red_rust,18,55.47,44.04,9,3.4,0.649,85,0.939,17.5
grey_blight,0,42.6,42.63,9,2.57,0.976,63.5,0.991,0
grey_blight,10,43.31,41.92,7,4.81,0.538,90.9,0.798,5.6
helopeltis,28,31.07,22.37,10,2.8,0.36,90.1,1.108,32.9
brown_blight,5,32.36,29.44,6,3.19,0.723,81,1.199,5.7
brown_blight,17,56.02,3.43,0,0,0,59.9,0.856,96.3
red_rust,4,33.32,8.62,1,1.73,0.406,63.6,1.085,65.8
brown_blight,13,66.11,0.26,0,0,0.017,60.1,1.169,98.8
red_rust,27,55.75,44.43,8,2.96,0.844,81.8,1.015,15.7
helopeltis,11,30.42,28.27,12,3.57,0.699,88.7,1.017,11.9
brown_blight,16,31.78,24.09,4,3.41,0.63,87.7,0.889,21
blister_blight,35,57.28,42.96,9,3.13,0.388,91.4,0.767,27.4
red_rust,26,48.37,0.1,0,0,0.037,63.4,0.85,97.9
red_rust,4,25.21,25.04,5,4.69,0.891,87.3,0.923,0.8
helopeltis,3,27.76,19.3,8,4.67,0.535,63.3,1.134,33.5
red_rust,12,57.91,0.1,0,0,0.118,59.2,0.777,92.6
red_rust,4,45.69,40.54,6,4.94,0.872,79.9,0.769,6.8
grey_blight,6,36.69,13.74,3,1.44,0.234,69.2,0.897,67.2
red_rust,10,23.39,0.48,0,0,0.131,64,0.81,89.5
red_rust,28,25.08,19.84,2,2.29,0.495,78.7,0.928,17.3
blister_blight,12,36.1,2,0,0,0.024,55.9,1.185,95.6
helopeltis,6,45.12,20.04,9,3.1,0.265,56.3,1.156,60.9
red_rust,25,53.19,44.44,7,3.69,0.582,92.8,1.102,14.2
grey_blight,4,53.05,17.28,2,2.06,0.117,57,0.757,72.4
grey_blight,13,52.03,49.52,8,3.89,0.742,85.3,0.948,8.6
grey_blight,3,25.67,26.14,4,4.73,0.562,86.8,0.919,0
blister_blight,11,76.19,0.1,0,0,0,57.3,1.229,99.9
blister_blight,29,35.65,0.1,0,0,0.023,56.8,0.808,98.6
red_rust,5,37.92,17.53,4,2.48,0.616,71.6,1.015,45.3
helopeltis,8,47.26,43.51,17,2.66,0.667,94.1,1.005,11
brown_blight,4,69.19,26.8,7,1.68,0.256,60.2,1.078,65.3
blister_blight,15,65.01,0.57,0,0,0.026,56.2,0.82,97.8
blister_blight,22,66.59,59.49,12,3.41,0.664,90.6,1.148,14
helopeltis,23,20.28,6.33,2,0.99,0.106,72.5,0.883,76.4
brown_blight,12,54.12,43.92,9,2.35,0.68,94.4,1.163,15.6
grey_blight,10,39.67,35.14,7,4.39,0.611,85.7,0.8,10
red_rust,22,53.72,18.57,2,0.96,0.34,75.9,0.949,58.3
brown_blight,15,62.2,0.1,0,0,0,61.4,0.776,99.9
brown_blight,1,30.46,33.38,4,4.9,0.673,94.1,0.975,2
grey_blight,14,31.53,0.1,0,0,0.053,63.1,0.842,97.4
red_rust,23,35.68,29.88,3,1.88,0.552,82.6,0.934,15.8
brown_blight,28,47.16,41.53,7,2.94,0.559,85.7,0.888,19.7
grey_blight,5,36.17,6.18,4,1.25,0.13,61.4,0.935,81.5
grey_blight,18,33.61,25.9,6,4.52,0.4,91.9,1.064,26
blister_blight,17,49.72,45.78,9,5.28,0.644,87.3,1.084,8
blister_blight,18,59.17,49.41,10,4.96,0.69,84.8,1.043,15.1
grey_blight,14,38.55,24.65,4,2.38,0.397,84.5,1.226,39.6
red_rust,15,25.22,0.1,0,0,0.032,61.2,0.756,97.8
blister_blight,1,62.08,55.59,12,4.05,0.643,69.9,1.066,10.9
helopeltis,7,34.12,33.25,11,5,0.565,89,1.003,7.6
grey_blight,1,53.64,36.27,8,4.04,0.411,58.5,1.054,33.5
helopeltis,11,23.8,23.12,9,2.86,0.564,89.6,0.944,4.8
helopeltis,19,50.39,10.35,10,1.55,0.145,73.6,1.1,79.1
blister_blight,8,43.4,4.94,1,0.65,0.161,61.9,0.893,86
helopeltis,27,17.87,0.1,0,0,0.036,57.1,1.124,97.9
blister_blight,32,57.62,0.1,1,0.23,0.071,66.1,0.776,96
blister_blight,17,60.5,36.13,8,2.63,0.47,75,0.946,41.7
blister_blight,6,35.49,4.7,1,0.51,0.118,58.7,1.203,84
grey_blight,21,25.64,0.53,1,0.1,0.025,70.1,1.232,97
brown_blight,21,64.74,1.67,1,0.1,0.019,71.8,1.213,97.6
blister_blight,29,56.24,4.21,0,0,0,66.3,0.757,95.5
red_rust,21,36.44,31.22,4,4.81,0.797,83.5,1.074,12.3
brown_blight,27,30.31,0.1,0,0,0,56.5,0.86,99.8
red_rust,28,59.15,41.95,7,3.81,0.601,92.1,1.113,22.8
blister_blight,25,62.82,0.1,0,0,0.03,59.5,0.929,98.5
helopeltis,19,36.77,10.77,6,1.24,0.23,74.9,1.022,72.5
brown_blight,27,38.79,26.3,6,1.93,0.458,88.1,0.76,30.4
red_rust,14,31.3,0.1,0,0,0.056,59.1,0.939,97.3
red_rust,0,53.38,53.52,9,4.51,0.554,82.9,1.167,0.1
red_rust,17,48.85,45.41,5,4.57,0.616,93.4,1.079,6.5
brown_blight,15,39.94,1.36,1,0.38,0,65.8,0.857,98
red_rust,9,23.12,13.51,0,0,0.561,74.7,0.803,37.1
brown_blight,6,55.38,3.98,2,0.67,0.08,55.1,1.135,91.8
red_rust,18,53.23,42.75,7,2.7,0.493,90,0.896,17.1
grey_blight,18,63.1,0.84,2,0.48,0.046,72.8,1.127,96.6
grey_blight,15,34.38,31.16,5,3,0.596,91.7,1.125,13
helopeltis,28,39.04,26.91,13,2.17,0.542,86.2,0.914,34.2
helopeltis,17,39.45,3.36,3,0.85,0.005,58.8,1.232,94.6
helopeltis,8,43.82,25.86,11,2.75,0.296,68.3,1.072,51.1
brown_blight,26,60.17,39.64,9,4.83,0.473,93,1.209,33.6
brown_blight,11,62.76,50.39,11,3.21,0.676,83.4,1.02,16.3
blister_blight,14,56.81,46.6,11,4.65,0.83,79.8,1.127,15.8
grey_blight,2,54.37,33.21,7,1.71,0.374,63.5,1.011,42.3
red_rust,3,41.69,39.36,7,6.13,0.788,84.9,0.824,5.5
grey_blight,11,50.3,22.57,6,3.32,0.338,78.1,0.814,56.6
red_rust,16,25.16,0.1,0,0,0.061,66,0.965,96
grey_blight,15,35.09,2.6,0,0,0.016,59.9,0.973,94.7
helopeltis,27,51.38,26.34,11,2.62,0.241,77.3,0.759,57.4
red_rust,23,34.55,1.93,0,0,0.026,65.3,1.128,95.4
blister_blight,2,61.1,64.48,13,2.28,0.875,90.1,0.796,0.7
grey_blight,20,43.26,39.27,7,2.76,0.657,92.2,0.825,17
brown_blight,0,40.14,46.97,8,5.79,0.769,74.7,0.985,1.1
blister_blight,1,35.93,34.24,7,3.16,0.69,88.3,1.235,2.8
helopeltis,26,17.09,11.32,5,3.44,0.36,81.4,0.798,34.8
helopeltis,26,32.29,0.1,1,0.1,0.014,58.5,1.24,99.1
grey_blight,15,30.82,2.52,0,0,0.042,65.8,1.189,92.5
blister_blight,6,55.65,49.4,11,5.25,0.599,89.4,1.029,8.8
brown_blight,2,50.51,35.1,5,3.91,0.56,63.5,0.903,33.7
blister_blight,1,65.78,65.49,14,5.83,0.84,92.8,1.058,0.3
red_rust,25,41.34,1.06,1,0.81,0.205,73.3,0.776,86.9
grey_blight,13,45.86,37.62,8,4.16,0.594,93.5,0.812,17.8
grey_blight,21,41.63,2,0,0,0.023,71.1,1.024,96
grey_blight,0,27.7,25.98,6,3.49,0.828,92.2,1.112,4
brown_blight,14,52.63,0.1,1,0.22,0.003,60.6,0.841,99.7
blister_blight,33,42.29,24.59,6,3.34,0.585,88.9,1.171,31.2
brown_blight,23,49.14,0.1,0,0,0.002,67.1,1.14,99.8
helopeltis,26,48.74,3.17,1,0.43,0,57.3,1.131,96.1
grey_blight,5,48.45,13.83,4,1.51,0.176,62.7,0.996,75.1
brown_blight,5,53.06,29.58,5,2.04,0.36,69.8,1.029,50.3
red_rust,27,33.45,0.1,0,0,0.277,74.2,0.867,87.8
brown_blight,5,58.93,52.45,10,4.44,0.717,82.5,0.89,9.9
blister_blight,11,49.54,43.73,10,3.02,0.613,83.1,1.009,10.1
brown_blight,3,33.81,13.74,4,2.47,0.273,56.9,0.802,61.2
red_rust,3,31.49,14.76,2,1.75,0.333,59.6,0.914,49.6
brown_blight,2,34.69,18.69,5,2.85,0.492,69.1,0.835,41
brown_blight,3,64.2,20.14,6,1.77,0.231,57.8,0.854,65.5
blister_blight,20,54.69,39.87,10,3.64,0.637,88.6,0.877,21.4
helopeltis,11,31.75,6.64,4,0.64,0.086,57.2,0.966,82.2
helopeltis,25,34.74,12.78,6,1.91,0.117,75.5,0.839,71.1
red_rust,20,38.37,29.3,4,2.64,0.568,92.2,1.159,18.5
helopeltis,2,32.06,22.54,10,3.09,0.455,55.9,0.82,30.5
grey_blight,17,40.42,35.18,5,2.92,0.664,89.2,1.003,16.3
helopeltis,1,16.62,17.16,6,3.16,0.597,92.4,0.951,2.4
grey_blight,3,42.74,22.57,5,3.47,0.334,66.8,1.219,54.2
helopeltis,0,34.86,33.27,14,3,0.77,92.1,0.903,3.4
brown_blight,28,67.17,47.8,10,3.71,0.512,91.2,0.953,25.2
grey_blight,9,53.42,24.23,4,1.08,0.26,75.7,0.959,60.4
helopeltis,29,40.76,5.54,3,0.55,0.03,65,1.025,90.5
grey_blight,4,34.47,34.36,6,4.86,0.509,88.2,1.064,8
red_rust,6,31.31,29.15,5,4.39,0.757,81.9,0.98,5.3
blister_blight,19,75.49,69.43,14,4.74,0.884,81.6,0.761,7.3
red_rust,17,29.69,12.77,2,2.38,0.541,76.2,0.836,46.3
red_rust,6,55.83,0.1,1,1.14,0.266,59.9,0.813,88.7
grey_blight,2,36.68,28.01,6,3.49,0.601,74.3,1.124,25.3
red_rust,16,39.9,0.1,0,0,0.008,62.3,0.827,99.4
grey_blight,14,60.62,10.87,3,0.85,0.111,73.9,0.881,84.6
blister_blight,25,74.31,1.28,0,0,0.002,57.4,1.21,98.9
grey_blight,6,41.08,20.83,3,1.57,0.236,73,1.087,54.6
grey_blight,7,38.74,39.01,6,4.72,0.595,82.6,0.76,2.2
helopeltis,24,39.15,2.5,1,0.51,0,59.4,1.117,96.2
red_rust,15,58.46,30.89,6,2.69,0.63,77.4,1.051,36.8
brown_blight,12,48.89,4.61,0,0,0.024,63.6,1.19,92.7
blister_blight,21,60.57,8.11,1,0.42,0.137,69.7,0.797,85
brown_blight,26,62.15,47.63,8,2.34,0.668,94.9,0.967,21.9
grey_blight,21,37.59,28.25,7,3.49,0.444,88.8,1.087,25.6
blister_blight,5,49.03,25.03,8,2.45,0.46,72.6,1.003,40.4
brown_blight,18,32.08,1.06,1,0.52,0,67.4,0.846,98
helopeltis,27,39.64,15.63,9,2.49,0.243,78.2,0.812,61.1
blister_blight,23,39,31.62,6,3.8,0.568,76.8,1.092,21.7
brown_blight,3,62.11,64.31,10,3.88,0.654,94,0.873,0
helopeltis,28,48.34,35.84,15,2.88,0.451,90.7,0.924,34.4
grey_blight,0,56.34,57.8,10,4.59,0.796,92.6,0.889,3.4
grey_blight,18,46.89,2.91,0,0,0,57.6,0.832,96.3
brown_blight,16,50.55,44.01,7,4.61,0.533,90.6,1.202,14.6
red_rust,21,31.91,0.1,0,0,0.033,60.5,1.08,98.1
brown_blight,23,54.23,1.89,0,0,0.033,68.5,0.809,96
red_rust,7,23.32,6.22,1,0.48,0.36,68.6,1.06,64.6
blister_blight,13,45.67,37.94,7,4.57,0.676,90.3,0.867,15.7
red_rust,1,56.03,42.35,7,2.52,0.71,70.3,1.215,16.4
helopeltis,12,35.93,33.28,12,3.02,0.672,92.3,0.773,12.9
blister_blight,28,79.91,60.24,13,3.61,0.427,85.7,0.925,25.7
brown_blight,15,48.58,8.48,0,0,0.019,67.7,0.94,88.5
blister_blight,22,79.3,6.19,0,0,0.006,61.9,1.013,95
grey_blight,21,42.13,1.21,1,0.37,0,64,0.781,98.3
brown_blight,17,46.55,3.26,0,0,0.048,56.7,0.852,92.7
brown_blight,24,50.25,2.17,0,0,0.006,57.8,1.067,97
grey_blight,11,32.87,3.75,2,0.81,0.045,67,0.869,91.1
blister_blight,2,36.85,37.75,8,5.05,0.794,93.1,1.085,0.1
red_rust,27,42.46,0.1,0,0,0.136,72.7,1.175,93.8
blister_blight,3,55.18,19.79,5,2.7,0.429,62,1.247,57.4
red_rust,8,24.18,13.71,4,2.2,0.686,76.1,1.191,36.5
blister_blight,5,52.62,9.52,3,0.84,0.19,57.7,1.016,79.6
blister_blight,14,76.92,3.09,1,0.34,0.091,66.3,1.118,91.5
brown_blight,19,63.89,60.04,9,2.66,0.446,90.1,1.201,12.1
helopeltis,30,39.37,4.93,2,0.6,0.024,65.6,1.177,91.2
grey_blight,8,33.56,8.16,1,2.44,0.102,71,0.892,79.3
blister_blight,7,79.51,7.56,2,0.6,0.087,57.6,1.122,89.7
